{
    "Mensajes" : 
    
    [
        {
                "Asunto": "",
                "Destinatario": "",
                "Remitente": "",
                "Fecha": "",
                "Categorias": [],
                "Contenido":
                    {
                        "Texto": "",
                        "Importancia": ""
                    }
        },
        {
                "Asunto": "",
                "Destinatario": "",
                "Remitente": "",
                "Fecha": "",
                "Categorias": [],
                "Contenido": 
                    {
                        "Texto": "",
                        "Importancia": ""
                    }
        }
    ]
}

